[
    {
        "slug": "slope",
        "title": "Slope",
        "cat": "Skill, Hot",
        "domain": 1,
        "img": "slope"
    },
    {
        "slug": "tunnel-rush",
        "title": "Tunnel Rush",
        "cat": "Skill, Hot",
        "domain": 1,
        "img": "tunnel-rush"
    },
    {
        "slug": "iron-snout",
        "title": "Iron Snout",
        "cat": "Action",
        "domain": 1,
        "img": "iron-snout"
    },
    {
        "slug": "iron-snout-2",
        "title": "Iron Snout 2",
        "cat": "Action, Hot",
        "domain": 1,
        "img": "iron-snout-2"
    },
    {
        "slug": "angry-gran-run",
        "title": "Angry gran run",
        "cat": "Skill, Running",
        "domain": 1,
        "img": "angry-gran-run"
    },
    {
        "slug": "2048",
        "title": "2048",
        "cat": "Skill",
        "domain": 1,
        "img": "2048"
    },
    {
        "slug": "cookie-clicker",
        "title": "Cookie Clicker",
        "cat": "Idle, Hot",
        "domain": 1,
        "img": "cookie-clicker"
    },
    {
        "slug": "eggy-car",
        "title": "Eggy car",
        "cat": "Car, Hot",
        "domain": 1,
        "img": "eggy-car"
    },{
        "slug": "endless-truck",
        "title": "Endless truck",
        "cat": "Car",
        "domain": 1,
        "img": "endless-truck"
    },{
        "slug": "block-the-pig",
        "title": "Block the Pig",
        "cat": "Skill",
        "domain": 1,
        "img": "block-the-pig"
    },{
        "slug": "among-us",
        "title": "Among us",
        "cat": "Action",
        "domain": 1,
        "img": "among-us"
    },{
        "slug": "fireboy-and-watergirl-1",
        "title": "Fireboy and watergirl",
        "cat": "Skill",
        "domain": 1,
        "img": "fireboy-and-watergirl-1"
    },
    {
        "slug": "basket-ball",
        "title": "Basket and Ball",
        "cat": "Sport",
        "domain": 1,
        "img": "basket-ball"
    },
    {
        "slug": "basketball-legends",
        "title": "Basketball Legends",
        "cat": "Sport, Hot",
        "domain": 1,
        "img": "basketball-legends"
    },
    {
        "slug": "basketball-stars",
        "title": "Basketball Stars",
        "cat": "Sport",
        "domain": 1,
        "img": "basketball-stars"
    },
    {
        "slug": "bottle-flip-3d",
        "title": "Flip Bottle",
        "cat": "Skill",
        "domain": 1,
        "img": "bottle-flip-3d"
    },
    {
        "slug": "tiny-fishing",
        "title": "Tiny Fishing",
        "cat": "Skill, Hot",
        "domain": 1,
        "img": "tiny-fishing"
    },
    {
        "slug": "moto-x3m",
        "title": "Moto x3m",
        "cat": "Racing, Hot",
        "domain": 1,
        "img": "moto-x3m"
    },
    {
        "slug": "moto-x3m-4-winter",
        "title": "Moto x3m Winter",
        "cat": "Racing",
        "domain": 1,
        "img": "moto-x3m-4-winter"
    },
    {
        "slug": "moto-x3m-5-pool-party",
        "title": "Moto x3m Pool Party",
        "cat": "Racing",
        "domain": 1,
        "img": "moto-x3m-5-pool-party"
    },
    {
        "slug": "moto-x3m-spooky-land",
        "title": "Moto x3m Spooky Land",
        "cat": "Racing",
        "domain": 1,
        "img": "moto-x3m-spooky-land"
    },
    {
        "slug": "drift-boss",
        "title": "Drift Boss",
        "cat": "Car, Hot",
        "domain": 1,
        "img": "drift-boss"
    },
    {
        "slug": "drift-hunters",
        "title": "Drift Hunters",
        "cat": "Car, Hot",
        "domain": 1,
        "img": "drift-hunters"
    },
    {
        "slug": "1v1-lol",
        "title": "1v1.LOL",
        "cat": "Shooting, Hot",
        "domain": 1,
        "img": "1v1-lol"
    },
    {
        "slug": "smash-karts",
        "title": "Smash Karts",
        "cat": "Car",
        "domain": 1,
        "img": "smash-karts"
    },
    {
        "slug": "boxrob",
        "title": "BoxRob",
        "cat": "Skill",
        "domain": 1,
        "img": "boxrob"
    },
    {
        "slug": "burnin-rubber-5-xs",
        "title": "Burnin Rubber 5 XS",
        "cat": "Car",
        "domain": 1,
        "img": "burnin-rubber-5-xs"
    },
    {
        "slug": "crossy-road",
        "title": "Crossy Road",
        "cat": "Skill",
        "domain": 1,
        "img": "crossy-road"
    },
    {
        "slug": "doodle-jump",
        "title": "Doodle Jump",
        "cat": "Skill",
        "domain": 1,
        "img": "doodle-jump"
    },
    {
        "slug": "tunnel-rush-2",
        "title": "Tunnel Rush 2",
        "cat": "Skill, Running",
        "domain": 1,
        "img": "tunnel-rush-2"
    },
    {
        "slug": "ducklife-4",
        "title": "Duck Life 4",
        "cat": "Action",
        "domain": 1,
        "img": "ducklife-4"
    },
    {
        "slug": "eagle-ride",
        "title": "Eagle Ride",
        "cat": "Action, Running",
        "domain": 1,
        "img": "eagle-ride"
    },
    {
        "slug": "b-cubed",
        "title": "B cubed",
        "cat": "Skill",
        "domain": 1,
        "img": "b-cubed"
    },
    {
        "slug": "candy-jump",
        "title": "Candy Jump",
        "cat": "Skill",
        "domain": 1,
        "img": "candy-jump"
    },
    {
        "slug": "football-legends",
        "title": "Football Legends",
        "cat": "Sport",
        "domain": 1,
        "img": "football-legends"
    },
    {
        "slug": "icy-purple-head-3",
        "title": "Icy purple head 3",
        "cat": "Skill",
        "domain": 1,
        "img": "icy-purple-head-3"
    },
    {
        "slug": "icy-purple-head-2",
        "title": "Icy purple head",
        "cat": "Skill",
        "domain": 1,
        "img": "icy-purple-head-2"
    },
    {
        "slug": "icy-purple-head-superslide",
        "title": "Icy purple head superslide",
        "cat": "Skill",
        "domain": 1,
        "img": "icy-purple-head-superslide"
    },
    {
        "slug": "idle-startup-tycoon",
        "title": "Idle startup tycoon",
        "cat": "Idle",
        "domain": 3,
        "img": "idle-startup-tycoon"
    },
    {
        "slug": "jelly-truck",
        "title": "Jelly stuck",
        "cat": "Car",
        "domain": 1,
        "img": "jelly-truck"
    },
    {
        "slug": "magikmon",
        "title": "Magikmon",
        "cat": "Action",
        "domain": 1,
        "img": "magikmon"
    },
    {
        "slug": "microwars",
        "title": "Microwars",
        "cat": "Action",
        "domain": 4,
        "img": "microwars"
    },
    {
        "slug": "ovo",
        "title": "Ovo",
        "cat": "Skill, Hot",
        "domain": 1,
        "img": "ovo"
    },
    {
        "slug": "parking-fury",
        "title": "Parking fury",
        "cat": "Parking, Hot",
        "domain": 1,
        "img": "parking-fury"
    },
    {
        "slug": "parking-fury-2",
        "title": "Parking fury 2",
        "cat": "Parking",
        "domain": 1
    },
    {
        "slug": "parking-fury-3",
        "title": "Parking fury 3",
        "cat": "Parking",
        "domain": 1
    },
    {
        "slug": "parkour-race",
        "title": "Parkour Race",
        "cat": "Sport",
        "domain": 4
    },
    {
        "slug": "penalty-kick-online",
        "title": "Penalty kick online",
        "cat": "Sport",
        "domain": 1
    },
    {
        "slug": "tap-tap-shots",
        "title": "Tap Tap Shots",
        "cat": "Skill",
        "domain": 3
    },
    {
        "slug": "temple-of-boom",
        "title": "Temple of boom",
        "cat": "Action",
        "domain": 4
    },
    {
        "slug": "there-is-no-game",
        "title": "There is no game",
        "cat": "Skill",
        "domain": 1
    },
    {
        "slug": "traffic-mania",
        "title": "Traffic mania",
        "cat": "Skill",
        "domain": 1
    },
    {
        "slug": "worlds-hardest-game",
        "title": "Worlds hardest game",
        "cat": "Action",
        "domain": 1
    },
    {
        "slug": "worlds-hardest-game-2",
        "title": "Worlds hardest game 2",
        "cat": "Action",
        "domain": 1
    },
    {
        "slug": "worlds-hardest-game-3",
        "title": "Worlds hardest game 3",
        "cat": "Action",
        "domain": 1
    },
    {
        "slug": "getaway-shootout",
        "title": "Getaway Shootout",
        "cat": "Shooting",
        "domain": 1
    },
    {
        "slug": "gswitch",
        "title": "G-Switch 3",
        "cat": "Running",
        "domain": 1
    },
    {
        "slug": "house-of-hazards",
        "title": "House Of Hazards",
        "cat": "Skill",
        "domain": 1
    },
    {
        "slug": "idle-mining-empire",
        "title": "Idle Mining Empire",
        "cat": "Idle",
        "domain": 4
    },
    
    {
        "slug": "mad-gunz",
        "title": "Mad Gunz",
        "cat": "Shooting",
        "domain": 1
    },
    {
        "slug": "madalin-stunt-cars-2",
        "title": "Madalin stunt cars 2",
        "cat": "Car",
        "domain": 1
    },
    {
        "slug": "madalin-stunt-cars-3",
        "title": "Madalin stunt cars 3",
        "cat": "Car",
        "domain": 1
    },
    {
        "slug": "merge-cakes",
        "title": "Merge Cakes",
        "cat": "Idle",
        "domain": 1
    },
    {
        "slug": "murder",
        "title": "Murder",
        "cat": "Skill",
        "domain": 4
    },
    {
        "slug": "raft-wars",
        "title": "Raft Wars 1",
        "cat": "Shooting",
        "domain": 1
    },
    {
        "slug": "raft-wars-2",
        "title": "Raft Wars 2",
        "cat": "Shooting",
        "domain": 1
    },
    {
        "slug": "retro-bowl",
        "title": "Retro Bowl",
        "cat": "Sport, Hot",
        "domain": 1
    },
    {
        "slug": "rooftop-snipers",
        "title": "Rooftop Snipers",
        "cat": "Shooting",
        "domain": 1
    },
    {
        "slug": "skiing-fred",  
        "title": "Skiing Fred",
        "cat": "Running",
        "domain": 1
    },
    {
        "slug": "slope-ball",
        "title": "Slope Ball",
        "cat": "Running",
        "domain": 1
    },
    {
        "slug": "slope-city",
        "title": "Slope City",
        "cat": "Running",
        "domain": 1
    },
    {
        "slug": "slope-racing-3d",
        "title": "Slope Racing 3D",
        "cat": "Running",
        "domain": 1
    },
    {
        "slug": "slope-tunnel",
        "title": "Slope Tunnel",
        "cat": "Running",
        "domain": 1
    },
    {
        "slug": "slope3",
        "title": "Slope 3",
        "cat": "Running",
        "domain": 1
    },
    {
        "slug": "snake",
        "title": "Snake",
        "cat": "Skill",
        "domain": 1
    },
    {
        "slug": "stickmanhook",
        "title": "Stickman Hook",
        "cat": "Stickman, Hot",
        "domain": 1
    },
    {
        "slug": "stickmerge",
        "title": "Stick Merge",
        "cat": "Idle, Stickman",
        "domain": 1
    },
    {
        "slug": "temple-run-2",
        "title": "Temple Run 2",
        "cat": "Running",
        "domain": 4
    },
    {
        "slug": "the-spear-stickman",
        "title": "The Spear Stickman",
        "cat": "Stickman",
        "domain": 1
    },
    
    {
        "slug": "two-ball-3d",
        "title": "Two Ball 3d",
        "cat": "Running",
        "domain": 1
    },
    {
        "slug": "two-ball-3d-dark",
        "title": "Two Ball 3D dark",
        "cat": "Running",
        "domain": 1
    },
    {
        "slug": "two-tunnel-3d",
        "title": "Two Tunnel 3d",
        "cat": "Running",
        "domain": 1
    },
    {
        "slug": "stickman-fighter-epic-battle",
        "title": "Stickman Fighter",
        "cat": "Stickman",
        "domain": 1
    },
    {
        "slug": "stickman-fighter-epic-battle-2",
        "title": "Stickman Fighter 2",
        "cat": "Stickman",
        "domain": 1
    },
    {
        "slug": "bob-the-robber-4",
        "title": "Bob The Robber 4",
        "cat": "Skill",
        "domain": 1
    },
    {
        "slug": "car-rush",
        "title": "Car Rush",
        "cat": "Car",
        "domain": 1
    },
    {
        "slug": "color-road",
        "title": "Color Road",
        "cat": "Skill",
        "domain": 1
    },
    {
        "slug": "guess-the-kitty",
        "title": "Guess the kitty",
        "cat": "Skill",
        "domain": 1
    },
    {
        "slug": "jewel-shuffle",
        "title": "Jewel",
        "cat": "Skill",
        "domain": 1
    },
    {
        "slug": "lines-to-fill",
        "title": "Lines to Fill",
        "cat": "Skill",
        "domain": 1
    },
    {
        "slug": "mr-bullet",
        "title": "Mr Bullet",
        "cat": "Shooting",
        "domain": 1
    },
    {
        "slug": "rainbow-stacker",
        "title": "Stack",
        "cat": "Skill",
        "domain": 1
    },
    {
        "slug": "rolly-vortex",
        "title": "Rolly Vortex",
        "cat": "Skill",
        "domain": 1
    },
    {
        "slug": "stackbounce",
        "title": "Stack Bounce",
        "cat": "Skill",
        "domain": 1
    },
    {
        "slug": "the-impossible-quiz",
        "title": "The impossible quiz",
        "cat": "Skill",
        "domain": 1
    },
    {
        "slug": "the-impossible-quiz-2",
        "title": "The impossible quiz 2",
        "cat": "Skill",
        "domain": 1
    },
    {
        "slug": "blumgi-rocket",
        "title": "Blumgi Rocket",
        "cat": "Action",
        "domain": 1
    },
    {
        "slug": "mad-truck-challenge-special",
        "title": "Mad Truck Challenge Special",
        "cat": "Car, Hot",
        "domain": 2
    },
    {
        "slug": "penalty-shooters-2",
        "title": "Penalty Shooters 2",
        "cat": "Sport",
        "domain": 2
    },
    {
        "slug": "extreme-car-parking",
        "title": "Extreme Car Parking!",
        "cat": "Car, Parking",
        "domain": 4
    },
    {
        "slug": "highway-racer-3d",
        "title": "Highway racer 3D",
        "cat": "Car",
        "domain": 2
    },
    {
        "slug": "soccar",
        "title": "Soccar",
        "cat": "Car",
        "domain": 2
    },
    {
        "slug": "parking-fury-3d-beach-city",
        "title": "Parking Fury 3D: Beach City",
        "cat": "Car, Parking",
        "domain": 4
    },
    {
        "slug": "sling-drift",
        "title": "Sling Drift",
        "cat": "Car, Drift",
        "domain": 2
    },
    {
        "slug": "super-bike-the-champion",
        "title": "Super Bike the Champion",
        "cat": "Car",
        "domain": 2
    },
    {
        "slug": "swipe-fighter-heroes",
        "title": "Swipe Fighter Heroes",
        "cat": "Action",
        "domain": 2
    },
    {
        "slug": "burnout-drift-hilltop",
        "title": "Burnout Drift: Hilltop",
        "cat": "Car, Drift",
        "domain": 2
    },
    {
        "slug": "city-rider",
        "title": "City Rider",
        "cat": "Car",
        "domain": 2
    },
    {
        "slug": "city-car-driving-stunt-master",
        "title": "City Car Driving: Stunt Master",
        "cat": "Car",
        "domain": 2
    },
    {
        "slug": "demolition-derby-crash-racing",
        "title": "Demolition Derby Crash Racing",
        "cat": "Car",
        "domain": 2
    },
    {
        "slug": "flying-car-simulator",
        "title": "Flying Car Simulator",
        "cat": "Car",
        "domain": 2
    },
    {
        "slug": "fortride-open-world",
        "title": "Fortride: Open World",
        "cat": "Car",
        "domain": 2
    },
    {
        "slug": "rocket-soccer-derby",
        "title": "Rocket Soccer Derby",
        "cat": "Car",
        "domain": 2
    },
    {
        "slug": "stunt-car-challenge-3",
        "title": "Stunt Car Challenge 3",
        "cat": "Car",
        "domain": 2
    },
    {
        "slug": "top-speed-3d",
        "title": "Top Speed 3D",
        "cat": "Car",
        "domain": 2
    },
    {
        "slug": "3d-car-simulator",
        "title": "3D Car Simulator",
        "cat": "Car",
        "domain": 2
    },
    {
        "slug": "3d-moto-simulator-2",
        "title": "3D Moto Simulator 2",
        "cat": "Car",
        "domain": 2
    },
    {
        "slug": "bike-trials-winter-2",
        "title": "Bike Trials Winter 2",
        "cat": "Car",
        "domain": 2
    },
    {
        "slug": "cars-thief",
        "title": "Cars Thief",
        "cat": "Car",
        "domain": 2
    },
    {
        "slug": "car-drift-racers-2",
        "title": "Car Drift Racers 2",
        "cat": "Car, Drift",
        "domain": 2
    },
    {
        "slug": "cartoon-mini-racing",
        "title": "Cartoon Mini Racing",
        "cat": "Car",
        "domain": 2
    },
    {
        "slug": "car-simulator-arena",
        "title": "Car Simulator Arena",
        "cat": "Car",
        "domain": 2
    },
    {
        "slug": "go-kart-go-ultra",
        "title": "Go Kart Go! Ultra!",
        "cat": "Car",
        "domain": 2
    },
    {
        "slug": "merge-cyber-racers",
        "title": "Merge Cyber Racers",
        "cat": "Car, Idle",
        "domain": 2
    },
    {
        "slug": "merge-round-racers",
        "title": "Merge Round Racers",
        "cat": "Car, Idle",
        "domain": 2
    },
    {
        "slug": "stick-merge-halloween",
        "title": "Stick Merge Halloween",
        "cat": "Idle, Stickman, Hot",
        "domain": 2
    },
    {
        "slug": "dunkbrush",
        "title": "Dunkbrush",
        "cat": "Sport",
        "domain": 4
    },
    {
        "slug": "adventure-drivers",
        "title": "Adventure Drivers",
        "cat": "Car",
        "domain": 3
    },
    {
        "slug": "drive-mad",
        "title": "Drive Mad",
        "cat": "Car",
        "domain": 3
    },
    {
        "slug": "gold-digger-frvr",
        "title": "Gold Digger Frvr",
        "cat": "Skill",
        "domain": 3
    },
    {
        "slug": "golfinity",
        "title": "golfinity",
        "cat": "Sport",
        "domain": 3
    },
    {
        "slug": "idle-dice",
        "title": "Idle Dice",
        "cat": "Idle",
        "domain": 3
    },
    {
        "slug": "idle-miner",
        "title": "Idle Miner",
        "cat": "Idle",
        "domain": 3
    },
    {
        "slug": "ludo-hero",
        "title": "Ludo Hero",
        "cat": "Skill",
        "domain": 3
    },
    {
        "slug": "thumb-fighter",
        "title": "Thumb fighter",
        "cat": "Action",
        "domain": 3
    },
    {
        "slug": "wrassling",
        "title": "Wrassling",
        "cat": "Skill",
        "domain": 3
    },
    {
        "slug": "boxrob2",
        "title": "Boxrob 2",
        "cat": "Skill",
        "domain": 4
    },
    {
        "slug": "boxrob3",
        "title": "Boxrob 3",
        "cat": "Skill",
        "domain": 4
    },
    {
        "slug": "fnaf1",
        "title": "FNAF 1",
        "cat": "Skill",
        "domain": 4,
        "img": "fnaf1"
    },
    {
        "slug": "fnaf2/index.html",
        "title": "FNAF 2",
        "cat": "Skill",
        "domain": 4,
        "img": "Fnf"
    },
    {
        "slug": "fnaf2/fnaf3.html",
        "title": "FNAF 3",
        "cat": "Skill",
        "domain": 4,
        "img": "fnaf3"
    },
    {
        "slug": "fnaf2/fnaf4.html",
        "title": "FNAF 4",
        "cat": "Skill",
        "domain": 4,
        "img": "fnaf4"
    },
    {
        "slug": "fnaf2/fnafsl.html",
        "title": "FNAF Sister",
        "cat": "Skill",
        "domain": 4,
        "img": "fnafsl"
    },
    {
        "slug": "getting-over-it",
        "title": "Getting over it",
        "cat": "Skill, Hot",
        "domain": 4
    },
    {
        "slug": "gd",
        "title": "Geometry Dash",
        "cat": "Running, Hot",
        "domain": 4
    }
]
