[
    {
        "slug": "slope",
        "title": "Slope"
    },
    {
        "slug": "cookie-clicker",
        "title": "Cookie Clicker"
    },
    {
        "slug": "among-us",
        "title": "Among us"
    },
    {
        "slug": "eggy-car",
        "title": "Eggy car"
    },
    {
        "slug": "retro-bowl",
        "title": "Retro Bowl"
    },
    {
        "slug": "tiny-fishing",
        "title": "Tiny Fishing"
    },
    {
        "slug": "tunnel-rush",
        "title": "Tunnel Rush"
    },
    {
        "slug": "iron-snout-2",
        "title": "Iron Snout 2"
    },
    {
        "slug": "getting-over-it",
        "title": "Getting over it",
        "cat": "Skill",
        "domain": 4
    },
    {
        "slug": "gd",
        "title": "Geometry Dash",
        "cat": "Running",
        "domain": 4
    }
]