[
    {
        "slug": "basket-ball",
        "title": "Basket and Ball"
    },
    {
        "slug": "basketball-legends",
        "title": "Basketball Legends"
    },
    {
        "slug": "basketball-stars",
        "title": "Basketball Stars"
    },
    {
        "slug": "retro-bowl",
        "title": "Retro Bowl"
    },
    {
        "slug": "parkour-race",
        "title": "Parkour Race"
    },
    {
        "slug": "penalty-kick-online",
        "title": "Penalty kick online"
    },
    {
        "slug": "tap-tap-shots",
        "title": "Tap Tap Shots"
    },{
        "slug": "football-legends",
        "title": "Football Legends"
    }
]